{"cameraMode":{"drawMode":0,"name":"Shaded","section":"Shading Mode"},"sceneLighting":true,"audioPlay":false,"sceneViewState":{"m_AlwaysRefresh":false,"showFog":true,"showSkybox":true,"showFlares":true,"showImageEffects":true,"showParticleSystems":true,"showVisualEffectGraphs":true,"m_FxEnabled":true},"in2DMode":false,"pivot":{"x":496.656005859375,"y":121.70549774169922,"z":310.65606689453127},"rotation":{"x":0.01019775215536356,"y":0.012937323190271855,"z":-0.0019249576143920422,"w":1.0003387928009034},"size":385.87115478515627,"orthographic":false}